{
    "prepare_queue": {
        "installed": [],
        "uninstalled": []
    },
    "config_munge": {
        "files": {}
    },
    "installed_plugins": {
        "com.telerik.plugins.nativepagetransitions": {
            "PACKAGE_NAME": "de.mosche.weimar"
        },
        "cordova-plugin-crosswalk-webview": {
            "PACKAGE_NAME": "de.mosche.weimar"
        }
    },
    "dependent_plugins": {},
    "modules": [
        {
            "file": "plugins/com.telerik.plugins.nativepagetransitions/www/NativePageTransitions.js",
            "id": "com.telerik.plugins.nativepagetransitions.NativePageTransitions",
            "pluginId": "com.telerik.plugins.nativepagetransitions",
            "clobbers": [
                "window.plugins.nativepagetransitions"
            ]
        }
    ],
    "plugin_metadata": {
        "com.telerik.plugins.nativepagetransitions": "0.6.5",
        "cordova-plugin-crosswalk-webview": "2.0.0"
    }
}